<project xmlns="http://maven.apache.org/POM/4.0.0" xmlns:xsi="http://www.w3.org/2001/XMLSchema-instance"
  xsi:schemaLocation="http://maven.apache.org/POM/4.0.0 http://maven.apache.org/maven-v4_0_0.xsd">
  <modelVersion>4.0.0</modelVersion>
  <groupId>io.github.akayibrahim</groupId>
  <artifactId>jsontopojo</artifactId>
  <packaging>maven-plugin</packaging>
  <version>1.0</version>
  <name>jsontopojo</name>
  <url>http://maven.apache.org</url>
  <description>Auto creating POJO from JSON.</description>

  <licenses>
    <license>
      <name>Apache 2.0 License</name>
      <url>http://www.apache.org/licenses/LICENSE-2.0.html</url>
      <distribution>repo</distribution>
    </license>
  </licenses>

  <scm>
    <url>https://github.com/akayibrahim/jsontopojo</url>
    <connection>scm:git:git://github.com/akayibrahim/jsontopojo.git</connection>
    <developerConnection>scm:git:git@github.com:akayibrahim/jsontopojo.git</developerConnection>
  </scm>

  <properties>
    <project.build.sourceEncoding>UTF-8</project.build.sourceEncoding>
  </properties>

  <developers>
    <developer>
      <id>iakay</id>
      <name>İbrahim Akay</name>
      <email>ibrahimakay@live.com</email>
      <organization>iakay</organization>
      <organizationUrl>www.iakay.com/</organizationUrl>

      <properties>
        <picUrl>https://github.com/akayibrahim/jsontopojo</picUrl>
      </properties>
    </developer>
  </developers>

  <dependencies>
    <dependency>
      <groupId>junit</groupId>
      <artifactId>junit</artifactId>
      <version>3.8.1</version>
      <scope>test</scope>
    </dependency>

    <dependency>
      <groupId>org.apache.maven</groupId>
      <artifactId>maven-plugin-api</artifactId>
      <version>3.6.3</version>
    </dependency>

    <dependency>
      <groupId>org.apache.maven.plugin-tools</groupId>
      <artifactId>maven-plugin-annotations</artifactId>
      <version>3.3</version>
      <scope>provided</scope>
    </dependency>

    <dependency>
      <groupId>org.apache.maven</groupId>
      <artifactId>maven-project</artifactId>
      <version>2.2.1</version>
    </dependency>

    <dependency>
      <groupId>com.sun.codemodel</groupId>
      <artifactId>codemodel</artifactId>
      <version>2.6</version>
    </dependency>
    <dependency>
      <groupId>com.google.code.gson</groupId>
      <artifactId>gson</artifactId>
      <version>2.2.4</version>
    </dependency>
    <dependency>
      <groupId>jdom</groupId>
      <artifactId>jdom</artifactId>
      <version>1.1</version>
    </dependency>

    <dependency>
      <groupId>org.projectlombok</groupId>
      <artifactId>lombok</artifactId>
      <version>1.18.10</version>
    </dependency>

  </dependencies>

  <distributionManagement>
    <snapshotRepository>
      <id>ossrh</id>
      <url>https://oss.sonatype.org/content/repositories/snapshots</url>
    </snapshotRepository>
    <repository>
      <id>ossrh</id>
      <url>https://oss.sonatype.org/service/local/staging/deploy/maven2/</url>
    </repository>
  </distributionManagement>

  <build>
    <resources>
      <resource>
        <directory>${project.basedir}</directory>
        <includes>
          <include>LICENSE*</include>
        </includes>
      </resource>
    </resources>
    <plugins>
      <plugin>
        <groupId>org.apache.maven.plugins</groupId>
        <artifactId>maven-source-plugin</artifactId>
        <version>3.0.1</version>
        <executions>
          <execution>
            <id>attach-sources</id>
            <goals>
              <goal>jar</goal>
            </goals>
          </execution>
        </executions>
      </plugin>
      <plugin>
        <groupId>org.apache.maven.plugins</groupId>
        <artifactId>maven-javadoc-plugin</artifactId>
        <version>2.10.4</version>
        <configuration>
          <encoding>UTF-8</encoding>
        </configuration>
        <executions>
          <execution>
            <id>attach-javadoc</id>
            <goals>
              <goal>jar</goal>
            </goals>
          </execution>
        </executions>
      </plugin>
      <plugin>
        <groupId>org.apache.maven.plugins</groupId>
        <artifactId>maven-plugin-plugin</artifactId>
        <version>3.5</version>
        <configuration>
          <skipErrorNoDescriptorsFound>true</skipErrorNoDescriptorsFound>
        </configuration>
        <executions>
          <execution>
            <id>mojo-descriptor</id>
            <goals>
              <goal>descriptor</goal>
            </goals>
          </execution>
        </executions>
      </plugin>
      <plugin>
        <groupId>org.sonatype.plugins</groupId>
        <artifactId>nexus-staging-maven-plugin</artifactId>
        <version>1.6.7</version>
        <extensions>true</extensions>
        <executions>
          <execution>
            <id>default-deploy</id>
            <phase>deploy</phase>
            <goals>
              <goal>deploy</goal>
            </goals>
          </execution>
        </executions>
        <configuration>
          <serverId>ossrh</serverId>
          <nexusUrl>https://oss.sonatype.org/</nexusUrl>
          <autoReleaseAfterClose>false</autoReleaseAfterClose>
        </configuration>
      </plugin>
      <plugin>
        <groupId>org.apache.maven.plugins</groupId>
        <artifactId>maven-gpg-plugin</artifactId>
        <version>1.5</version>
        <executions>
          <execution>
            <id>sign-artifacts</id>
            <phase>verify</phase>
            <goals>
              <goal>sign</goal>
            </goals>
          </execution>
        </executions>
      </plugin>
    </plugins>
  </build>
</project>
